<?xml version="1.0"?>
<cena version="0.8.1"><result judgetime="41986.4970634838"><problem title="ticket" filename="ticket.cpp" status="1" hash="3911861529" detail=""><testcase status="7" exitcode="0" detail="" time="0.01" memory="4316" score="10"/><testcase status="7" exitcode="0" detail="" time="0" memory="4320" score="10"/><testcase status="7" exitcode="0" detail="" time="0.01" memory="4320" score="10"/><testcase status="7" exitcode="0" detail="" time="0.01" memory="4320" score="10"/><testcase status="7" exitcode="0" detail="" time="0.01" memory="4316" score="10"/><testcase status="7" exitcode="0" detail="" time="0.03" memory="4320" score="10"/><testcase status="7" exitcode="0" detail="" time="0.03" memory="4320" score="10"/><testcase status="7" exitcode="0" detail="" time="0.04" memory="4320" score="10"/><testcase status="7" exitcode="0" detail="" time="0.01" memory="4320" score="10"/><testcase status="7" exitcode="0" detail="" time="0.01" memory="4320" score="10"/></problem><problem title="install" filename="install.cpp" status="1" hash="1234464775" detail=""><testcase status="7" exitcode="0" detail="" time="0.03" memory="4540" score="10"/><testcase status="7" exitcode="0" detail="" time="0.01" memory="4540" score="10"/><testcase status="7" exitcode="0" detail="" time="0.03" memory="4540" score="10"/><testcase status="7" exitcode="0" detail="" time="0.04" memory="4536" score="10"/><testcase status="7" exitcode="0" detail="" time="0" memory="4544" score="10"/><testcase status="7" exitcode="0" detail="" time="0.06" memory="4540" score="10"/><testcase status="7" exitcode="0" detail="" time="0.01" memory="4540" score="10"/><testcase status="7" exitcode="0" detail="" time="0.03" memory="4540" score="10"/><testcase status="7" exitcode="0" detail="" time="0.03" memory="4540" score="10"/><testcase status="7" exitcode="0" detail="" time="0.04" memory="4540" score="10"/></problem><problem title="dining" filename="dining.cpp" status="1" hash="3413983735" detail=""><testcase status="7" exitcode="0" detail="" time="0.03" memory="36064" score="4"/><testcase status="7" exitcode="0" detail="" time="0.01" memory="36060" score="4"/><testcase status="7" exitcode="0" detail="" time="0.03" memory="36060" score="4"/><testcase status="7" exitcode="0" detail="" time="0.01" memory="36064" score="4"/><testcase status="7" exitcode="0" detail="" time="0.06" memory="36060" score="4"/><testcase status="7" exitcode="0" detail="" time="0.03" memory="36064" score="4"/><testcase status="7" exitcode="0" detail="" time="0" memory="36064" score="4"/><testcase status="7" exitcode="0" detail="" time="0.01" memory="36064" score="4"/><testcase status="7" exitcode="0" detail="" time="0.03" memory="36064" score="4"/><testcase status="7" exitcode="0" detail="" time="0.06" memory="36064" score="4"/><testcase status="7" exitcode="0" detail="" time="0.07" memory="36064" score="4"/><testcase status="7" exitcode="0" detail="" time="0.04" memory="36064" score="4"/><testcase status="7" exitcode="0" detail="" time="0.04" memory="36064" score="4"/><testcase status="7" exitcode="0" detail="" time="0.06" memory="36060" score="4"/><testcase status="7" exitcode="0" detail="" time="0.06" memory="36064" score="4"/><testcase status="7" exitcode="0" detail="" time="0.09" memory="36064" score="4"/><testcase status="7" exitcode="0" detail="" time="0.09" memory="36068" score="4"/><testcase status="7" exitcode="0" detail="" time="0.07" memory="36064" score="4"/><testcase status="7" exitcode="0" detail="" time="0.06" memory="36068" score="4"/><testcase status="7" exitcode="0" detail="" time="0.1" memory="36064" score="4"/><testcase status="7" exitcode="0" detail="" time="0.07" memory="36064" score="4"/><testcase status="7" exitcode="0" detail="" time="0.06" memory="36068" score="4"/><testcase status="7" exitcode="0" detail="" time="0.06" memory="36064" score="4"/><testcase status="7" exitcode="0" detail="" time="0.1" memory="36064" score="4"/><testcase status="7" exitcode="0" detail="" time="0.1" memory="36072" score="4"/></problem></result></cena>
