<?xml version="1.0"?>
<cena version="0.8.1"><result judgetime="41972.3676839236"><problem title="poet" filename="poet.cpp" status="1" hash="905742352" detail=""><testcase status="7" exitcode="0" detail="" time="0.01" memory="20080" score="10"/><testcase status="7" exitcode="0" detail="" time="0.04" memory="20072" score="10"/><testcase status="7" exitcode="0" detail="" time="0.01" memory="20072" score="10"/><testcase status="7" exitcode="0" detail="" time="0.7" memory="20072" score="10"/><testcase status="7" exitcode="0" detail="" time="0.9" memory="20072" score="10"/><testcase status="7" exitcode="0" detail="" time="0.4" memory="20076" score="10"/><testcase status="7" exitcode="0" detail="" time="0.46" memory="20068" score="10"/><testcase status="7" exitcode="0" detail="" time="0.53" memory="20072" score="10"/><testcase status="7" exitcode="0" detail="" time="0.73" memory="20076" score="10"/><testcase status="7" exitcode="0" detail="" time="0.76" memory="20068" score="10"/></problem><problem title="pasture" filename="pasture.cpp" status="1" hash="771576627" detail=""><testcase status="7" exitcode="0" detail="" time="0.03" memory="74276" score="10"/><testcase status="7" exitcode="0" detail="" time="0.03" memory="74276" score="10"/><testcase status="7" exitcode="0" detail="" time="0.01" memory="74280" score="10"/><testcase status="7" exitcode="0" detail="" time="0.03" memory="74280" score="10"/><testcase status="7" exitcode="0" detail="" time="0.17" memory="74280" score="10"/><testcase status="7" exitcode="0" detail="" time="0.15" memory="74280" score="10"/><testcase status="7" exitcode="0" detail="" time="0.14" memory="74280" score="10"/><testcase status="7" exitcode="0" detail="" time="0.18" memory="74284" score="10"/><testcase status="7" exitcode="0" detail="" time="0.17" memory="74280" score="10"/><testcase status="7" exitcode="0" detail="" time="0.2" memory="74280" score="10"/></problem><problem title="thunder" filename="thunder.cpp" status="1" hash="301721381" detail=""><testcase status="7" exitcode="0" detail="" time="0.01" memory="35136" score="4"/><testcase status="7" exitcode="0" detail="" time="0.01" memory="35140" score="4"/><testcase status="7" exitcode="0" detail="" time="0.01" memory="35140" score="4"/><testcase status="7" exitcode="0" detail="" time="0.03" memory="35140" score="4"/><testcase status="7" exitcode="0" detail="" time="0.07" memory="35136" score="4"/><testcase status="7" exitcode="0" detail="" time="0.03" memory="35140" score="4"/><testcase status="7" exitcode="0" detail="" time="0.03" memory="35136" score="4"/><testcase status="7" exitcode="0" detail="" time="0" memory="35144" score="4"/><testcase status="7" exitcode="0" detail="" time="0" memory="35140" score="6"/><testcase status="7" exitcode="0" detail="" time="0.15" memory="35140" score="4"/><testcase status="7" exitcode="0" detail="" time="0.06" memory="35144" score="4"/><testcase status="7" exitcode="0" detail="" time="0.06" memory="35136" score="4"/><testcase status="7" exitcode="0" detail="" time="0.04" memory="35140" score="4"/><testcase status="7" exitcode="0" detail="" time="0.06" memory="35136" score="4"/><testcase status="7" exitcode="0" detail="" time="0.07" memory="35140" score="4"/><testcase status="7" exitcode="0" detail="" time="0.06" memory="35140" score="4"/><testcase status="7" exitcode="0" detail="" time="0.09" memory="35140" score="4"/><testcase status="7" exitcode="0" detail="" time="0.15" memory="35144" score="4"/><testcase status="7" exitcode="0" detail="" time="0.15" memory="35140" score="4"/><testcase status="7" exitcode="0" detail="" time="0.2" memory="35140" score="4"/><testcase status="7" exitcode="0" detail="" time="0.17" memory="35140" score="2"/><testcase status="7" exitcode="0" detail="" time="0.2" memory="35144" score="4"/><testcase status="7" exitcode="0" detail="" time="0.28" memory="35140" score="4"/><testcase status="7" exitcode="0" detail="" time="0.26" memory="35140" score="4"/><testcase status="7" exitcode="0" detail="" time="0.28" memory="35140" score="4"/></problem></result></cena>
