<?xml version="1.0"?>
<cena version="0.8.1"><result judgetime="41972.3672623148"><problem title="poet" filename="poet.cpp" status="1" hash="2757005218" detail=""><testcase status="7" exitcode="0" detail="" time="0.01" memory="4452" score="10"/><testcase status="7" exitcode="0" detail="" time="0.98" memory="4448" score="10"/><testcase status="3" exitcode="1" detail="" time="1.0429422" memory="4444" score="0"/><testcase status="6" exitcode="3221225477" detail="" time="0.01" memory="4444" score="0"/><testcase status="6" exitcode="3221225477" detail="" time="0.03" memory="4440" score="0"/><testcase status="6" exitcode="3221225477" detail="" time="0.01" memory="4444" score="0"/><testcase status="6" exitcode="3221225477" detail="" time="0" memory="4440" score="0"/><testcase status="6" exitcode="3221225477" detail="" time="0.01" memory="4440" score="0"/><testcase status="6" exitcode="3221225477" detail="" time="0.03" memory="4444" score="0"/><testcase status="6" exitcode="3221225477" detail="" time="0.06" memory="4440" score="0"/></problem><problem title="pasture" filename="pasture.cpp" status="1" hash="1204096665" detail=""><testcase status="7" exitcode="0" detail="" time="0.03" memory="50792" score="10"/><testcase status="7" exitcode="0" detail="" time="0" memory="50796" score="10"/><testcase status="7" exitcode="0" detail="" time="0.01" memory="50792" score="10"/><testcase status="7" exitcode="0" detail="" time="0.01" memory="50796" score="10"/><testcase status="3" exitcode="1" detail="" time="1.1981638" memory="50788" score="0"/><testcase status="3" exitcode="1" detail="" time="1.1856076" memory="50792" score="0"/><testcase status="3" exitcode="1" detail="" time="1.0296066" memory="50800" score="0"/><testcase status="3" exitcode="1" detail="" time="1.0094341" memory="50796" score="0"/><testcase status="3" exitcode="1" detail="" time="1.2012077" memory="50796" score="0"/><testcase status="3" exitcode="1" detail="" time="1.2012077" memory="50796" score="0"/></problem><problem title="thunder" filename="" status="14" hash="0" detail=""><testcase status="14" exitcode="0" detail="" time="0" memory="0" score="0"/><testcase status="14" exitcode="0" detail="" time="0" memory="0" score="0"/><testcase status="14" exitcode="0" detail="" time="0" memory="0" score="0"/><testcase status="14" exitcode="0" detail="" time="0" memory="0" score="0"/><testcase status="14" exitcode="0" detail="" time="0" memory="0" score="0"/><testcase status="14" exitcode="0" detail="" time="0" memory="0" score="0"/><testcase status="14" exitcode="0" detail="" time="0" memory="0" score="0"/><testcase status="14" exitcode="0" detail="" time="0" memory="0" score="0"/><testcase status="14" exitcode="0" detail="" time="0" memory="0" score="0"/><testcase status="14" exitcode="0" detail="" time="0" memory="0" score="0"/><testcase status="14" exitcode="0" detail="" time="0" memory="0" score="0"/><testcase status="14" exitcode="0" detail="" time="0" memory="0" score="0"/><testcase status="14" exitcode="0" detail="" time="0" memory="0" score="0"/><testcase status="14" exitcode="0" detail="" time="0" memory="0" score="0"/><testcase status="14" exitcode="0" detail="" time="0" memory="0" score="0"/><testcase status="14" exitcode="0" detail="" time="0" memory="0" score="0"/><testcase status="14" exitcode="0" detail="" time="0" memory="0" score="0"/><testcase status="14" exitcode="0" detail="" time="0" memory="0" score="0"/><testcase status="14" exitcode="0" detail="" time="0" memory="0" score="0"/><testcase status="14" exitcode="0" detail="" time="0" memory="0" score="0"/><testcase status="14" exitcode="0" detail="" time="0" memory="0" score="0"/><testcase status="14" exitcode="0" detail="" time="0" memory="0" score="0"/><testcase status="14" exitcode="0" detail="" time="0" memory="0" score="0"/><testcase status="14" exitcode="0" detail="" time="0" memory="0" score="0"/><testcase status="14" exitcode="0" detail="" time="0" memory="0" score="0"/></problem></result></cena>
